id,name,license_number
1,Driver1,DL123456
2,Driver2,DL123457
3,Driver3,DL123458
4,Driver4,DL123459
5,Driver5,DL123460
6,Driver6,DL123461
7,Driver7,DL123462
8,Driver8,DL123463
9,Driver9,DL123464
10,Driver10,DL123465
11,Driver11,DL123466
12,Driver12,DL123467
13,Driver13,DL123468
14,Driver14,DL123469
15,Driver15,DL123470
16,Driver16,DL123471
17,Driver17,DL123472
18,Driver18,DL123473
19,Driver19,DL123474
20,Driver20,DL123475
21,Driver21,DL123476
22,Driver22,DL123477
23,Driver23,DL123478
24,Driver24,DL123479
25,Driver25,DL123480
